12,0,https://readhub.me,readhub,"//div[contains(@class, 'topicItem')]",string(h2),"div/div[contains(@class, 'bp-pure')]/text()",div/div/div/div/div/a/@href,div/div/div/div/div/div/span/a/text(),2018-04-14 11:08:55,article,Mozilla/5.0 (Windows NT 6.1; WOW64; rv:23.0) Gecko/20100101 Firefox/23.0,readhub
15,0,https://readhub.me/tech,readhub_tech,"//div[contains(@class, 'timelineItem')]",string(h2),"div/div[contains(@class, 'bp-pure')]/text()",h2/a/@href,div/span/text(),2018-04-14 15:15:39,article,Mozilla/5.0 (Windows NT 6.1; WOW64; rv:23.0) Gecko/20100101 Firefox/23.0,readhub 技术
16,0,https://readhub.me/blockchain,readhub_blockchain,"//div[contains(@class, 'timelineItem')]",string(h2),"div/div[contains(@class, 'bp-pure')]/text()",h2/a/@href,div/span/text(),2018-04-14 15:25:05,article,Mozilla/5.0 (Windows NT 6.1; WOW64; rv:23.0) Gecko/20100101 Firefox/23.0,readhub 区块链
17,0,https://www.qiushibaike.com,qiushibaike,"//div[contains (@id,'qiushi_tag')]",div/a/h2/text(),a/div/span/text(),a[@class='contentHerf']/@href,a/div/div/text(),2018-04-14 16:53:41,article,Mozilla/5.0 (Windows NT 6.1; WOW64; rv:23.0) Gecko/20100101 Firefox/23.0,糗事百科
21,0,https://stackoverflow.com,stackoverflow_new,"//div[contains(@class,'question-summary narrow')]",div/h3/a/text(),string(//div[@class='post-text']),div/h3/a/@href,div/div/a/text(),2018-04-15 15:11:00,article_no_content,Mozilla/5.0 (Windows NT 6.1; WOW64; rv:23.0) Gecko/20100101 Firefox/23.0,stackoverflow
22,0,https://www.v2ex.com,v2ex,//div[@class='cell item'],table/tr/td[3]/span[@class='item_title']/a/text(),string(//div[@class='markdown_body']),table/tr/td[3]/span[@class='item_title']/a/@href,table/tr/td[3]/span[@class='small fade']/a[@class='node']/text(),2018-04-15 15:49:58,article_no_content,Mozilla/5.0 (Windows NT 6.1; WOW64; rv:23.0) Gecko/20100101 Firefox/23.0,v2ex
23,0,https://www.jianshu.com,jianshu,"//li[contains (@id,'note')]",div[@class='content']/a[@class='title']/text(),string(//div[@class='show-content-free']),div[@class='content']/a[@class='title']/@href,div[@class='content']/div[@class='author']/div[@class='info']/a[@class='nickname']/text(),2018-04-15 16:04:19,article_no_content,Mozilla/5.0 (Windows NT 6.1; WOW64; rv:23.0) Gecko/20100101 Firefox/23.0,简书
25,0,http://www.zdfans.com,zdfans,//ul[@class='excerpt']/li,h2/a/text(),string(//div[@class='entry']),h2/a/@href,div[@class='info']/span[@class='cat']/a/text(),2018-04-15 16:52:57,article_no_content,Mozilla/5.0 (Windows NT 6.1; WOW64; rv:23.0) Gecko/20100101 Firefox/23.0,软件分享
26,0,https://read.douban.com,douban_read,//div[@class='info'],h4[@class='title']/a/text(),string(//div[@class='info']),h4[@class='title']/a/@href,div[@class='author']/span[@class='orig-author']/text(),2018-04-15 17:37:06,article_no_content,Mozilla/5.0 (Windows NT 6.1; WOW64; rv:23.0) Gecko/20100101 Firefox/23.0,豆瓣阅读
27,0,https://linux.cn,linux_cn,//ul[@class='article-list leftpic']/li,h2/span[@class='title']/a/text(),string(//div[@id='article_content']),h2/span[@class='title']/a/@href,h2/span[@class='y cat']/a/text(),2018-04-15 17:45:29,article_no_content,Mozilla/5.0 (Windows NT 6.1; WOW64; rv:23.0) Gecko/20100101 Firefox/23.0,linux社区
33,0,http://renjian.163.com,renjian,//a[@class='tit'],text(),//div[@id='endText']/p/text(),@href,null,2018-04-19 15:34:30,article_no_content,Mozilla/5.0 (Windows NT 6.1; WOW64; rv:23.0) Gecko/20100101 Firefox/23.0,人间
